index,project,queue,template,name,start,due,id,zone
45,CSG1-Robin-Retrofit-2024-slKivaA02,AR FSS - v2,Perimeter Safety Controller Workscope,2330 - Perimeter Safety Controller Workscope,2024-03-04T12:00:00.000Z,2024-07-05T23:59:00.000Z,2330,slKivaA02
64,CSG1-Robin-Retrofit-2024-slKivaA02,AR FSS - v2,Perimeter Safety Controller Workscope,2375 - Perimeter Safety Controller Workscope,2024-03-04T12:00:00.000Z,2024-07-05T23:59:00.000Z,2375,slKivaA02
32,CSG1-Robin-Retrofit-2024-slKivaA02,AR FSS - v2,Perimeter Safety Controller Workscope,2155 - Perimeter Safety Controller Workscope,2024-03-04T12:00:00.000Z,2024-07-05T23:59:00.000Z,2155,slKivaA02
48,CSG1-Robin-Retrofit-2024-slKivaA02,AR Perimeter Guard - v2,Swing Gate Workscope,2335 - Swing Gate Workscope,2024-08-01T00:00:00.000Z,2024-12-31T23:59:00.000Z,2335,slKivaA02
31,CSG1-Robin-Retrofit-2024-slKivaA02,AR Perimeter Guard - v2,Swing Gate Workscope,2154 - Swing Gate Workscope,2024-08-01T00:00:00.000Z,2024-12-31T23:59:00.000Z,2154,slKivaA02
63,CSG1-Robin-Retrofit-2024-slKivaA02,AR Perimeter Guard - v2,Swing Gate Workscope,2374 - Swing Gate Workscope,2024-08-01T00:00:00.000Z,2024-12-31T23:59:00.000Z,2374,slKivaA02
24,CSG1-Robin-Retrofit-2024-slKivaA02,AR Stations - v2,100. Robin,2141 - 100. Robin,2024-03-04T12:00:00.000Z,2024-07-05T23:59:00.000Z,2141,slKivaA02
24,CSG1-Robin-Retrofit-2024-slKivaA02,AR Stations - v2,200. Robin,2141 - 200. Robin,2024-03-04T12:00:00.000Z,2024-07-05T23:59:00.000Z,2141,slKivaA02
24,CSG1-Robin-Retrofit-2024-slKivaA02,AR Stations - v2,300. Robin,2141 - 300. Robin,2024-03-04T12:00:00.000Z,2024-07-05T23:59:00.000Z,2141,slKivaA02
24,CSG1-Robin-Retrofit-2024-slKivaA02,AR Stations - v2,400. Robin,2141 - 400. Robin,2024-03-04T12:00:00.000Z,2024-07-05T23:59:00.000Z,2141,slKivaA02
24,CSG1-Robin-Retrofit-2024-slKivaA02,AR Stations - v2,500. Robin,2141 - 500. Robin,2024-03-04T12:00:00.000Z,2024-07-05T23:59:00.000Z,2141,slKivaA02
24,CSG1-Robin-Retrofit-2024-slKivaA02,AR Stations - v2,600. Robin,2141 - 600. Robin,2024-03-04T12:00:00.000Z,2024-07-05T23:59:00.000Z,2141,slKivaA02
24,CSG1-Robin-Retrofit-2024-slKivaA02,AR Stations - v2,700. Robin,2141 - 700. Robin,2024-03-04T12:00:00.000Z,2024-07-05T23:59:00.000Z,2141,slKivaA02
25,CSG1-Robin-Retrofit-2024-slKivaA02,AR Stations - v2,100. Robin,2143 - 100. Robin,2024-03-04T12:00:00.000Z,2024-07-05T23:59:00.000Z,2143,slKivaA02
25,CSG1-Robin-Retrofit-2024-slKivaA02,AR Stations - v2,200. Robin,2143 - 200. Robin,2024-03-04T12:00:00.000Z,2024-07-05T23:59:00.000Z,2143,slKivaA02
25,CSG1-Robin-Retrofit-2024-slKivaA02,AR Stations - v2,300. Robin,2143 - 300. Robin,2024-03-04T12:00:00.000Z,2024-07-05T23:59:00.000Z,2143,slKivaA02
25,CSG1-Robin-Retrofit-2024-slKivaA02,AR Stations - v2,400. Robin,2143 - 400. Robin,2024-03-04T12:00:00.000Z,2024-07-05T23:59:00.000Z,2143,slKivaA02
25,CSG1-Robin-Retrofit-2024-slKivaA02,AR Stations - v2,500. Robin,2143 - 500. Robin,2024-03-04T12:00:00.000Z,2024-07-05T23:59:00.000Z,2143,slKivaA02
25,CSG1-Robin-Retrofit-2024-slKivaA02,AR Stations - v2,600. Robin,2143 - 600. Robin,2024-03-04T12:00:00.000Z,2024-07-05T23:59:00.000Z,2143,slKivaA02
25,CSG1-Robin-Retrofit-2024-slKivaA02,AR Stations - v2,700. Robin,2143 - 700. Robin,2024-03-04T12:00:00.000Z,2024-07-05T23:59:00.000Z,2143,slKivaA02
26,CSG1-Robin-Retrofit-2024-slKivaA02,AR Stations - v2,100. Robin,2145 - 100. Robin,2024-03-04T12:00:00.000Z,2024-07-05T23:59:00.000Z,2145,slKivaA02
26,CSG1-Robin-Retrofit-2024-slKivaA02,AR Stations - v2,200. Robin,2145 - 200. Robin,2024-03-04T12:00:00.000Z,2024-07-05T23:59:00.000Z,2145,slKivaA02
26,CSG1-Robin-Retrofit-2024-slKivaA02,AR Stations - v2,300. Robin,2145 - 300. Robin,2024-03-04T12:00:00.000Z,2024-07-05T23:59:00.000Z,2145,slKivaA02
26,CSG1-Robin-Retrofit-2024-slKivaA02,AR Stations - v2,400. Robin,2145 - 400. Robin,2024-03-04T12:00:00.000Z,2024-07-05T23:59:00.000Z,2145,slKivaA02
26,CSG1-Robin-Retrofit-2024-slKivaA02,AR Stations - v2,500. Robin,2145 - 500. Robin,2024-03-04T12:00:00.000Z,2024-07-05T23:59:00.000Z,2145,slKivaA02
26,CSG1-Robin-Retrofit-2024-slKivaA02,AR Stations - v2,600. Robin,2145 - 600. Robin,2024-03-04T12:00:00.000Z,2024-07-05T23:59:00.000Z,2145,slKivaA02
26,CSG1-Robin-Retrofit-2024-slKivaA02,AR Stations - v2,700. Robin,2145 - 700. Robin,2024-03-04T12:00:00.000Z,2024-07-05T23:59:00.000Z,2145,slKivaA02
27,CSG1-Robin-Retrofit-2024-slKivaA02,AR Stations - v2,100. Robin,2147 - 100. Robin,2024-03-04T12:00:00.000Z,2024-07-05T23:59:00.000Z,2147,slKivaA02
27,CSG1-Robin-Retrofit-2024-slKivaA02,AR Stations - v2,200. Robin,2147 - 200. Robin,2024-03-04T12:00:00.000Z,2024-07-05T23:59:00.000Z,2147,slKivaA02
27,CSG1-Robin-Retrofit-2024-slKivaA02,AR Stations - v2,300. Robin,2147 - 300. Robin,2024-03-04T12:00:00.000Z,2024-07-05T23:59:00.000Z,2147,slKivaA02
27,CSG1-Robin-Retrofit-2024-slKivaA02,AR Stations - v2,400. Robin,2147 - 400. Robin,2024-03-04T12:00:00.000Z,2024-07-05T23:59:00.000Z,2147,slKivaA02
27,CSG1-Robin-Retrofit-2024-slKivaA02,AR Stations - v2,500. Robin,2147 - 500. Robin,2024-03-04T12:00:00.000Z,2024-07-05T23:59:00.000Z,2147,slKivaA02
27,CSG1-Robin-Retrofit-2024-slKivaA02,AR Stations - v2,600. Robin,2147 - 600. Robin,2024-03-04T12:00:00.000Z,2024-07-05T23:59:00.000Z,2147,slKivaA02
27,CSG1-Robin-Retrofit-2024-slKivaA02,AR Stations - v2,700. Robin,2147 - 700. Robin,2024-03-04T12:00:00.000Z,2024-07-05T23:59:00.000Z,2147,slKivaA02
28,CSG1-Robin-Retrofit-2024-slKivaA02,AR Stations - v2,100. Robin,2149 - 100. Robin,2024-03-04T12:00:00.000Z,2024-07-05T23:59:00.000Z,2149,slKivaA02
28,CSG1-Robin-Retrofit-2024-slKivaA02,AR Stations - v2,200. Robin,2149 - 200. Robin,2024-03-04T12:00:00.000Z,2024-07-05T23:59:00.000Z,2149,slKivaA02
28,CSG1-Robin-Retrofit-2024-slKivaA02,AR Stations - v2,300. Robin,2149 - 300. Robin,2024-03-04T12:00:00.000Z,2024-07-05T23:59:00.000Z,2149,slKivaA02
28,CSG1-Robin-Retrofit-2024-slKivaA02,AR Stations - v2,400. Robin,2149 - 400. Robin,2024-03-04T12:00:00.000Z,2024-07-05T23:59:00.000Z,2149,slKivaA02
28,CSG1-Robin-Retrofit-2024-slKivaA02,AR Stations - v2,500. Robin,2149 - 500. Robin,2024-03-04T12:00:00.000Z,2024-07-05T23:59:00.000Z,2149,slKivaA02
28,CSG1-Robin-Retrofit-2024-slKivaA02,AR Stations - v2,600. Robin,2149 - 600. Robin,2024-03-04T12:00:00.000Z,2024-07-05T23:59:00.000Z,2149,slKivaA02
28,CSG1-Robin-Retrofit-2024-slKivaA02,AR Stations - v2,700. Robin,2149 - 700. Robin,2024-03-04T12:00:00.000Z,2024-07-05T23:59:00.000Z,2149,slKivaA02
29,CSG1-Robin-Retrofit-2024-slKivaA02,AR Stations - v2,100. Robin,2151 - 100. Robin,2024-03-04T12:00:00.000Z,2024-07-05T23:59:00.000Z,2151,slKivaA02
29,CSG1-Robin-Retrofit-2024-slKivaA02,AR Stations - v2,200. Robin,2151 - 200. Robin,2024-03-04T12:00:00.000Z,2024-07-05T23:59:00.000Z,2151,slKivaA02
29,CSG1-Robin-Retrofit-2024-slKivaA02,AR Stations - v2,300. Robin,2151 - 300. Robin,2024-03-04T12:00:00.000Z,2024-07-05T23:59:00.000Z,2151,slKivaA02
29,CSG1-Robin-Retrofit-2024-slKivaA02,AR Stations - v2,400. Robin,2151 - 400. Robin,2024-03-04T12:00:00.000Z,2024-07-05T23:59:00.000Z,2151,slKivaA02
29,CSG1-Robin-Retrofit-2024-slKivaA02,AR Stations - v2,500. Robin,2151 - 500. Robin,2024-03-04T12:00:00.000Z,2024-07-05T23:59:00.000Z,2151,slKivaA02
29,CSG1-Robin-Retrofit-2024-slKivaA02,AR Stations - v2,600. Robin,2151 - 600. Robin,2024-03-04T12:00:00.000Z,2024-07-05T23:59:00.000Z,2151,slKivaA02
29,CSG1-Robin-Retrofit-2024-slKivaA02,AR Stations - v2,700. Robin,2151 - 700. Robin,2024-03-04T12:00:00.000Z,2024-07-05T23:59:00.000Z,2151,slKivaA02
33,CSG1-Robin-Retrofit-2024-slKivaA02,AR Stations - v2,100. Robin,2156 - 100. Robin,2024-03-04T12:00:00.000Z,2024-07-05T23:59:00.000Z,2156,slKivaA02
33,CSG1-Robin-Retrofit-2024-slKivaA02,AR Stations - v2,200. Robin,2156 - 200. Robin,2024-03-04T12:00:00.000Z,2024-07-05T23:59:00.000Z,2156,slKivaA02
33,CSG1-Robin-Retrofit-2024-slKivaA02,AR Stations - v2,300. Robin,2156 - 300. Robin,2024-03-04T12:00:00.000Z,2024-07-05T23:59:00.000Z,2156,slKivaA02
33,CSG1-Robin-Retrofit-2024-slKivaA02,AR Stations - v2,400. Robin,2156 - 400. Robin,2024-03-04T12:00:00.000Z,2024-07-05T23:59:00.000Z,2156,slKivaA02
33,CSG1-Robin-Retrofit-2024-slKivaA02,AR Stations - v2,500. Robin,2156 - 500. Robin,2024-03-04T12:00:00.000Z,2024-07-05T23:59:00.000Z,2156,slKivaA02
33,CSG1-Robin-Retrofit-2024-slKivaA02,AR Stations - v2,600. Robin,2156 - 600. Robin,2024-03-04T12:00:00.000Z,2024-07-05T23:59:00.000Z,2156,slKivaA02
33,CSG1-Robin-Retrofit-2024-slKivaA02,AR Stations - v2,700. Robin,2156 - 700. Robin,2024-03-04T12:00:00.000Z,2024-07-05T23:59:00.000Z,2156,slKivaA02
35,CSG1-Robin-Retrofit-2024-slKivaA02,AR Stations - v2,100. Robin,2303 - 100. Robin,2024-03-04T12:00:00.000Z,2024-07-05T23:59:00.000Z,2303,slKivaA02
35,CSG1-Robin-Retrofit-2024-slKivaA02,AR Stations - v2,200. Robin,2303 - 200. Robin,2024-03-04T12:00:00.000Z,2024-07-05T23:59:00.000Z,2303,slKivaA02
35,CSG1-Robin-Retrofit-2024-slKivaA02,AR Stations - v2,300. Robin,2303 - 300. Robin,2024-03-04T12:00:00.000Z,2024-07-05T23:59:00.000Z,2303,slKivaA02
35,CSG1-Robin-Retrofit-2024-slKivaA02,AR Stations - v2,400. Robin,2303 - 400. Robin,2024-03-04T12:00:00.000Z,2024-07-05T23:59:00.000Z,2303,slKivaA02
35,CSG1-Robin-Retrofit-2024-slKivaA02,AR Stations - v2,500. Robin,2303 - 500. Robin,2024-03-04T12:00:00.000Z,2024-07-05T23:59:00.000Z,2303,slKivaA02
35,CSG1-Robin-Retrofit-2024-slKivaA02,AR Stations - v2,600. Robin,2303 - 600. Robin,2024-03-04T12:00:00.000Z,2024-07-05T23:59:00.000Z,2303,slKivaA02
35,CSG1-Robin-Retrofit-2024-slKivaA02,AR Stations - v2,700. Robin,2303 - 700. Robin,2024-03-04T12:00:00.000Z,2024-07-05T23:59:00.000Z,2303,slKivaA02
36,CSG1-Robin-Retrofit-2024-slKivaA02,AR Stations - v2,100. Robin,2307 - 100. Robin,2024-03-04T12:00:00.000Z,2024-07-05T23:59:00.000Z,2307,slKivaA02
36,CSG1-Robin-Retrofit-2024-slKivaA02,AR Stations - v2,200. Robin,2307 - 200. Robin,2024-03-04T12:00:00.000Z,2024-07-05T23:59:00.000Z,2307,slKivaA02
36,CSG1-Robin-Retrofit-2024-slKivaA02,AR Stations - v2,300. Robin,2307 - 300. Robin,2024-03-04T12:00:00.000Z,2024-07-05T23:59:00.000Z,2307,slKivaA02
36,CSG1-Robin-Retrofit-2024-slKivaA02,AR Stations - v2,400. Robin,2307 - 400. Robin,2024-03-04T12:00:00.000Z,2024-07-05T23:59:00.000Z,2307,slKivaA02
36,CSG1-Robin-Retrofit-2024-slKivaA02,AR Stations - v2,500. Robin,2307 - 500. Robin,2024-03-04T12:00:00.000Z,2024-07-05T23:59:00.000Z,2307,slKivaA02
36,CSG1-Robin-Retrofit-2024-slKivaA02,AR Stations - v2,600. Robin,2307 - 600. Robin,2024-03-04T12:00:00.000Z,2024-07-05T23:59:00.000Z,2307,slKivaA02
36,CSG1-Robin-Retrofit-2024-slKivaA02,AR Stations - v2,700. Robin,2307 - 700. Robin,2024-03-04T12:00:00.000Z,2024-07-05T23:59:00.000Z,2307,slKivaA02
41,CSG1-Robin-Retrofit-2024-slKivaA02,AR Stations - v2,100. Robin,2318 - 100. Robin,2024-03-04T12:00:00.000Z,2024-07-05T23:59:00.000Z,2318,slKivaA02
41,CSG1-Robin-Retrofit-2024-slKivaA02,AR Stations - v2,200. Robin,2318 - 200. Robin,2024-03-04T12:00:00.000Z,2024-07-05T23:59:00.000Z,2318,slKivaA02
41,CSG1-Robin-Retrofit-2024-slKivaA02,AR Stations - v2,300. Robin,2318 - 300. Robin,2024-03-04T12:00:00.000Z,2024-07-05T23:59:00.000Z,2318,slKivaA02
41,CSG1-Robin-Retrofit-2024-slKivaA02,AR Stations - v2,400. Robin,2318 - 400. Robin,2024-03-04T12:00:00.000Z,2024-07-05T23:59:00.000Z,2318,slKivaA02
41,CSG1-Robin-Retrofit-2024-slKivaA02,AR Stations - v2,500. Robin,2318 - 500. Robin,2024-03-04T12:00:00.000Z,2024-07-05T23:59:00.000Z,2318,slKivaA02
41,CSG1-Robin-Retrofit-2024-slKivaA02,AR Stations - v2,600. Robin,2318 - 600. Robin,2024-03-04T12:00:00.000Z,2024-07-05T23:59:00.000Z,2318,slKivaA02
41,CSG1-Robin-Retrofit-2024-slKivaA02,AR Stations - v2,700. Robin,2318 - 700. Robin,2024-03-04T12:00:00.000Z,2024-07-05T23:59:00.000Z,2318,slKivaA02
42,CSG1-Robin-Retrofit-2024-slKivaA02,AR Stations - v2,100. Robin,2322 - 100. Robin,2024-03-04T12:00:00.000Z,2024-07-05T23:59:00.000Z,2322,slKivaA02
42,CSG1-Robin-Retrofit-2024-slKivaA02,AR Stations - v2,200. Robin,2322 - 200. Robin,2024-03-04T12:00:00.000Z,2024-07-05T23:59:00.000Z,2322,slKivaA02
42,CSG1-Robin-Retrofit-2024-slKivaA02,AR Stations - v2,300. Robin,2322 - 300. Robin,2024-03-04T12:00:00.000Z,2024-07-05T23:59:00.000Z,2322,slKivaA02
42,CSG1-Robin-Retrofit-2024-slKivaA02,AR Stations - v2,400. Robin,2322 - 400. Robin,2024-03-04T12:00:00.000Z,2024-07-05T23:59:00.000Z,2322,slKivaA02
42,CSG1-Robin-Retrofit-2024-slKivaA02,AR Stations - v2,500. Robin,2322 - 500. Robin,2024-03-04T12:00:00.000Z,2024-07-05T23:59:00.000Z,2322,slKivaA02
42,CSG1-Robin-Retrofit-2024-slKivaA02,AR Stations - v2,600. Robin,2322 - 600. Robin,2024-03-04T12:00:00.000Z,2024-07-05T23:59:00.000Z,2322,slKivaA02
42,CSG1-Robin-Retrofit-2024-slKivaA02,AR Stations - v2,700. Robin,2322 - 700. Robin,2024-03-04T12:00:00.000Z,2024-07-05T23:59:00.000Z,2322,slKivaA02
52,CSG1-Robin-Retrofit-2024-slKivaA02,AR Stations - v2,100. Robin,2342 - 100. Robin,2024-03-04T12:00:00.000Z,2024-07-05T23:59:00.000Z,2342,slKivaA02
52,CSG1-Robin-Retrofit-2024-slKivaA02,AR Stations - v2,200. Robin,2342 - 200. Robin,2024-03-04T12:00:00.000Z,2024-07-05T23:59:00.000Z,2342,slKivaA02
52,CSG1-Robin-Retrofit-2024-slKivaA02,AR Stations - v2,300. Robin,2342 - 300. Robin,2024-03-04T12:00:00.000Z,2024-07-05T23:59:00.000Z,2342,slKivaA02
52,CSG1-Robin-Retrofit-2024-slKivaA02,AR Stations - v2,400. Robin,2342 - 400. Robin,2024-03-04T12:00:00.000Z,2024-07-05T23:59:00.000Z,2342,slKivaA02
52,CSG1-Robin-Retrofit-2024-slKivaA02,AR Stations - v2,500. Robin,2342 - 500. Robin,2024-03-04T12:00:00.000Z,2024-07-05T23:59:00.000Z,2342,slKivaA02
52,CSG1-Robin-Retrofit-2024-slKivaA02,AR Stations - v2,600. Robin,2342 - 600. Robin,2024-03-04T12:00:00.000Z,2024-07-05T23:59:00.000Z,2342,slKivaA02
52,CSG1-Robin-Retrofit-2024-slKivaA02,AR Stations - v2,700. Robin,2342 - 700. Robin,2024-03-04T12:00:00.000Z,2024-07-05T23:59:00.000Z,2342,slKivaA02
53,CSG1-Robin-Retrofit-2024-slKivaA02,AR Stations - v2,100. Robin,2348 - 100. Robin,2024-03-04T12:00:00.000Z,2024-07-05T23:59:00.000Z,2348,slKivaA02
53,CSG1-Robin-Retrofit-2024-slKivaA02,AR Stations - v2,200. Robin,2348 - 200. Robin,2024-03-04T12:00:00.000Z,2024-07-05T23:59:00.000Z,2348,slKivaA02
53,CSG1-Robin-Retrofit-2024-slKivaA02,AR Stations - v2,300. Robin,2348 - 300. Robin,2024-03-04T12:00:00.000Z,2024-07-05T23:59:00.000Z,2348,slKivaA02
53,CSG1-Robin-Retrofit-2024-slKivaA02,AR Stations - v2,400. Robin,2348 - 400. Robin,2024-03-04T12:00:00.000Z,2024-07-05T23:59:00.000Z,2348,slKivaA02
53,CSG1-Robin-Retrofit-2024-slKivaA02,AR Stations - v2,500. Robin,2348 - 500. Robin,2024-03-04T12:00:00.000Z,2024-07-05T23:59:00.000Z,2348,slKivaA02
53,CSG1-Robin-Retrofit-2024-slKivaA02,AR Stations - v2,600. Robin,2348 - 600. Robin,2024-03-04T12:00:00.000Z,2024-07-05T23:59:00.000Z,2348,slKivaA02
53,CSG1-Robin-Retrofit-2024-slKivaA02,AR Stations - v2,700. Robin,2348 - 700. Robin,2024-03-04T12:00:00.000Z,2024-07-05T23:59:00.000Z,2348,slKivaA02
59,CSG1-Robin-Retrofit-2024-slKivaA02,AR Stations - v2,100. Robin,2362 - 100. Robin,2024-03-04T12:00:00.000Z,2024-07-05T23:59:00.000Z,2362,slKivaA02
59,CSG1-Robin-Retrofit-2024-slKivaA02,AR Stations - v2,200. Robin,2362 - 200. Robin,2024-03-04T12:00:00.000Z,2024-07-05T23:59:00.000Z,2362,slKivaA02
59,CSG1-Robin-Retrofit-2024-slKivaA02,AR Stations - v2,300. Robin,2362 - 300. Robin,2024-03-04T12:00:00.000Z,2024-07-05T23:59:00.000Z,2362,slKivaA02
59,CSG1-Robin-Retrofit-2024-slKivaA02,AR Stations - v2,400. Robin,2362 - 400. Robin,2024-03-04T12:00:00.000Z,2024-07-05T23:59:00.000Z,2362,slKivaA02
59,CSG1-Robin-Retrofit-2024-slKivaA02,AR Stations - v2,500. Robin,2362 - 500. Robin,2024-03-04T12:00:00.000Z,2024-07-05T23:59:00.000Z,2362,slKivaA02
59,CSG1-Robin-Retrofit-2024-slKivaA02,AR Stations - v2,600. Robin,2362 - 600. Robin,2024-03-04T12:00:00.000Z,2024-07-05T23:59:00.000Z,2362,slKivaA02
59,CSG1-Robin-Retrofit-2024-slKivaA02,AR Stations - v2,700. Robin,2362 - 700. Robin,2024-03-04T12:00:00.000Z,2024-07-05T23:59:00.000Z,2362,slKivaA02
60,CSG1-Robin-Retrofit-2024-slKivaA02,AR Stations - v2,100. Robin,2366 - 100. Robin,2024-03-04T12:00:00.000Z,2024-07-05T23:59:00.000Z,2366,slKivaA02
60,CSG1-Robin-Retrofit-2024-slKivaA02,AR Stations - v2,200. Robin,2366 - 200. Robin,2024-03-04T12:00:00.000Z,2024-07-05T23:59:00.000Z,2366,slKivaA02
60,CSG1-Robin-Retrofit-2024-slKivaA02,AR Stations - v2,300. Robin,2366 - 300. Robin,2024-03-04T12:00:00.000Z,2024-07-05T23:59:00.000Z,2366,slKivaA02
60,CSG1-Robin-Retrofit-2024-slKivaA02,AR Stations - v2,400. Robin,2366 - 400. Robin,2024-03-04T12:00:00.000Z,2024-07-05T23:59:00.000Z,2366,slKivaA02
60,CSG1-Robin-Retrofit-2024-slKivaA02,AR Stations - v2,500. Robin,2366 - 500. Robin,2024-03-04T12:00:00.000Z,2024-07-05T23:59:00.000Z,2366,slKivaA02
60,CSG1-Robin-Retrofit-2024-slKivaA02,AR Stations - v2,600. Robin,2366 - 600. Robin,2024-03-04T12:00:00.000Z,2024-07-05T23:59:00.000Z,2366,slKivaA02
60,CSG1-Robin-Retrofit-2024-slKivaA02,AR Stations - v2,700. Robin,2366 - 700. Robin,2024-03-04T12:00:00.000Z,2024-07-05T23:59:00.000Z,2366,slKivaA02
